vasya,111,1609645498,120
vasya,111,1609645499,120
vasya,111,1609645708,120
vasya,111,1609645716,120
Oleg Gritchin,122031432,1609646848,1
Oleg Gritchin,122031432,1609647916,1
Oleg Gritchin,122031432,1609647918,2
Oleg Gritchin,122031432,1609647919,3
Oleg Gritchin,122031432,1609647920,4
Oleg Gritchin,122031432,1609647921,5
Oleg Gritchin,122031432,1609647922,6
Oleg Gritchin,122031432,1609647922,7
Oleg Gritchin,122031432,1609647923,8
Oleg Gritchin,122031432,1609647924,9
Oleg Gritchin,122031432,1609647925,21
Oleg Gritchin,122031432,1609647925,23
Oleg Gritchin,122031432,1609647926,2
Oleg Gritchin,122031432,1609647926,2
Oleg Gritchin,122031432,1609647926,2
Oleg Gritchin,122031432,1609647927,2
Oleg Gritchin,122031432,1609647927,2
Oleg Gritchin,122031432,1609647927,2
Oleg Gritchin,122031432,1609647928,2
Oleg Gritchin,122031432,1609647928,2
Oleg Gritchin,122031432,1609647928,2
Oleg Gritchin,122031432,1609647928,2
Oleg Gritchin,122031432,1609647929,2
Oleg Gritchin,122031432,1609647929,2
Oleg Gritchin,122031432,1609648034,12
Oleg Gritchin,122031432,1609648037,222
